{
    "0": {
        "gen": [
            1,
            0,
            1,
            1,
            1,
            1,
            2,
            1,
            2,
            0,
            0,
            2,
            1,
            0,
            1,
            1,
            2,
            2,
            2,
            1,
            2,
            1,
            1,
            2,
            0,
            2,
            1,
            2
        ],
        "modular_num": 105,
        "modular_type": {
            "1": 66,
            "2": 39
        },
        "fitness": 264309.2799223948
    },
    "1": {
        "gen": [
            0,
            2,
            1,
            0,
            2,
            0,
            1,
            1,
            2,
            2,
            2,
            1,
            0,
            1,
            1,
            1,
            1,
            0,
            1,
            2,
            2,
            0,
            2,
            1,
            1,
            2,
            2,
            1
        ],
        "modular_num": 102,
        "modular_type": {
            "1": 57,
            "2": 45
        },
        "fitness": 183000.2066696194
    },
    "2": {
        "gen": [
            0,
            2,
            1,
            0,
            2,
            0,
            1,
            1,
            2,
            2,
            2,
            1,
            0,
            1,
            1,
            1,
            1,
            0,
            1,
            2,
            2,
            0,
            2,
            1,
            1,
            2,
            2,
            1
        ],
        "modular_num": 102,
        "modular_type": {
            "1": 57,
            "2": 45
        },
        "fitness": 183000.2066696194
    },
    "3": {
        "gen": [
            0,
            2,
            1,
            1,
            1,
            1,
            2,
            1,
            2,
            0,
            0,
            2,
            1,
            0,
            1,
            2,
            1,
            1,
            2,
            0,
            0,
            2,
            2,
            2,
            1,
            2,
            2,
            1
        ],
        "modular_num": 102,
        "modular_type": {
            "1": 54,
            "2": 48
        },
        "fitness": 183000.2025912465
    },
    "4": {
        "gen": [
            0,
            2,
            1,
            1,
            1,
            1,
            2,
            1,
            2,
            0,
            0,
            2,
            1,
            0,
            1,
            2,
            1,
            1,
            2,
            0,
            0,
            2,
            2,
            2,
            1,
            2,
            2,
            1
        ],
        "modular_num": 102,
        "modular_type": {
            "1": 54,
            "2": 48
        },
        "fitness": 183000.2025912465
    },
    "5": {
        "gen": [
            0,
            2,
            1,
            1,
            1,
            1,
            2,
            1,
            2,
            0,
            0,
            2,
            1,
            0,
            1,
            2,
            1,
            1,
            2,
            0,
            0,
            2,
            2,
            2,
            1,
            2,
            2,
            1
        ],
        "modular_num": 102,
        "modular_type": {
            "1": 54,
            "2": 48
        },
        "fitness": 183000.2025912465
    },
    "6": {
        "gen": [
            0,
            2,
            1,
            1,
            1,
            1,
            2,
            2,
            2,
            0,
            0,
            2,
            1,
            0,
            1,
            2,
            1,
            1,
            2,
            0,
            0,
            2,
            2,
            2,
            1,
            2,
            2,
            1
        ],
        "modular_num": 102,
        "modular_type": {
            "1": 48,
            "2": 54
        },
        "fitness": 182418.11808218033
    },
    "7": {
        "gen": [
            0,
            2,
            1,
            1,
            1,
            1,
            2,
            1,
            2,
            2,
            0,
            2,
            1,
            0,
            1,
            2,
            1,
            1,
            2,
            0,
            0,
            2,
            2,
            2,
            1,
            1,
            2,
            1
        ],
        "modular_num": 108,
        "modular_type": {
            "1": 57,
            "2": 51
        },
        "fitness": 176185.8932075515
    },
    "8": {
        "gen": [
            0,
            2,
            1,
            1,
            1,
            1,
            2,
            1,
            2,
            2,
            0,
            2,
            2,
            0,
            1,
            2,
            1,
            1,
            2,
            0,
            0,
            2,
            2,
            2,
            1,
            1,
            2,
            1
        ],
        "modular_num": 108,
        "modular_type": {
            "1": 51,
            "2": 57
        },
        "fitness": 176185.8931543163
    },
    "9": {
        "gen": [
            1,
            1,
            0,
            1,
            1,
            1,
            2,
            0,
            1,
            1,
            2,
            0,
            2,
            1,
            1,
            2,
            2,
            2,
            1,
            0,
            2,
            1,
            2,
            0,
            0,
            2,
            2,
            2
        ],
        "modular_num": 105,
        "modular_type": {
            "1": 60,
            "2": 45
        },
        "fitness": 114099.85513425506
    }
}