{
    "0": {
        "gen": [
            2,
            2,
            1,
            0,
            2,
            2,
            0,
            2,
            2,
            1,
            0,
            1,
            0,
            2,
            2,
            1,
            1,
            0,
            2,
            1,
            2,
            0,
            2,
            2,
            2,
            2,
            0,
            1
        ],
        "modular_num": 99,
        "modular_type": {
            "1": 33,
            "2": 66
        },
        "fitness": 176176.9099463655
    },
    "1": {
        "gen": [
            2,
            2,
            2,
            1,
            2,
            2,
            0,
            0,
            1,
            2,
            0,
            1,
            1,
            2,
            0,
            1,
            2,
            2,
            0,
            1,
            2,
            0,
            2,
            2,
            2,
            0,
            1,
            2
        ],
        "modular_num": 99,
        "modular_type": {
            "1": 36,
            "2": 63
        },
        "fitness": 114093.85513425506
    },
    "2": {
        "gen": [
            2,
            2,
            2,
            1,
            2,
            2,
            0,
            0,
            1,
            2,
            0,
            1,
            1,
            2,
            0,
            1,
            2,
            2,
            0,
            1,
            2,
            0,
            2,
            2,
            2,
            0,
            1,
            2
        ],
        "modular_num": 99,
        "modular_type": {
            "1": 36,
            "2": 63
        },
        "fitness": 114093.85513425506
    },
    "3": {
        "gen": [
            0,
            2,
            0,
            2,
            2,
            1,
            2,
            2,
            1,
            2,
            0,
            2,
            1,
            2,
            1,
            0,
            1,
            1,
            2,
            1,
            2,
            0,
            2,
            2,
            2,
            2,
            0,
            1
        ],
        "modular_num": 102,
        "modular_type": {
            "1": 36,
            "2": 66
        },
        "fitness": 94459.80211171138
    },
    "4": {
        "gen": [
            0,
            2,
            2,
            2,
            2,
            1,
            2,
            2,
            1,
            2,
            0,
            2,
            1,
            2,
            1,
            0,
            1,
            1,
            2,
            1,
            2,
            0,
            2,
            2,
            2,
            2,
            0,
            2
        ],
        "modular_num": 108,
        "modular_type": {
            "1": 33,
            "2": 75
        },
        "fitness": 88146.94237912807
    },
    "5": {
        "gen": [
            0,
            2,
            2,
            2,
            2,
            1,
            2,
            2,
            1,
            2,
            0,
            2,
            1,
            2,
            1,
            0,
            1,
            1,
            2,
            1,
            2,
            0,
            2,
            2,
            2,
            2,
            0,
            2
        ],
        "modular_num": 108,
        "modular_type": {
            "1": 33,
            "2": 75
        },
        "fitness": 88146.94237912807
    },
    "6": {
        "gen": [
            2,
            2,
            2,
            1,
            0,
            0,
            1,
            2,
            1,
            1,
            0,
            2,
            2,
            2,
            1,
            1,
            2,
            0,
            2,
            2,
            1,
            1,
            1,
            1,
            2,
            2,
            0,
            2
        ],
        "modular_num": 108,
        "modular_type": {
            "1": 48,
            "2": 60
        },
        "fitness": 45679.81448860172
    },
    "7": {
        "gen": [
            2,
            2,
            2,
            1,
            0,
            0,
            1,
            2,
            1,
            1,
            0,
            2,
            2,
            2,
            1,
            1,
            2,
            0,
            2,
            2,
            1,
            1,
            1,
            1,
            2,
            2,
            0,
            2
        ],
        "modular_num": 108,
        "modular_type": {
            "1": 48,
            "2": 60
        },
        "fitness": 45679.81448860172
    },
    "8": {
        "gen": [
            2,
            2,
            2,
            1,
            0,
            0,
            1,
            2,
            1,
            1,
            0,
            2,
            2,
            2,
            1,
            1,
            2,
            0,
            2,
            2,
            1,
            1,
            1,
            1,
            2,
            2,
            0,
            2
        ],
        "modular_num": 108,
        "modular_type": {
            "1": 48,
            "2": 60
        },
        "fitness": 45679.81448860172
    },
    "9": {
        "gen": [
            2,
            2,
            2,
            1,
            0,
            0,
            1,
            2,
            1,
            1,
            0,
            2,
            2,
            2,
            1,
            1,
            2,
            0,
            2,
            2,
            1,
            1,
            1,
            1,
            2,
            2,
            0,
            2
        ],
        "modular_num": 108,
        "modular_type": {
            "1": 48,
            "2": 60
        },
        "fitness": 45679.81448860172
    }
}